{
	"class_name" : "PinholeCameraParameters",
	"extrinsic" : 
	[
		0.044762193924515747,
		-0.1287329654409364,
		0.99066854679244098,
		0.0,
		0.20221726743254284,
		-0.96996629430098824,
		-0.135179749489797,
		0.0,
		0.97831718923219357,
		0.20638122862506539,
		-0.017385790865790604,
		0.0,
		0.62085199825106374,
		0.032318658835529604,
		0.34387069847089674,
		1.0
	],
	"intrinsic" : 
	{
		"height" : 1061,
		"intrinsic_matrix" : 
		[
			918.85295341528945,
			0.0,
			0.0,
			0.0,
			918.85295341528945,
			0.0,
			959.5,
			530.0,
			1.0
		],
		"width" : 1920
	},
	"version_major" : 1,
	"version_minor" : 0
}