{
	"class_name" : "PinholeCameraParameters",
	"extrinsic" : 
	[
		-0.99579842839027488,
		-0.077295824015830475,
		-0.049100362576791477,
		0.0,
		0.090548988273465247,
		-0.91109264983463545,
		-0.402133142304827,
		0.0,
		-0.013651766849403498,
		-0.40488953926597826,
		0.91426368748565823,
		0.0,
		-0.28939201722760916,
		-0.023471540833852368,
		0.022208285956008877,
		1.0
	],
	"intrinsic" : 
	{
		"height" : 1061,
		"intrinsic_matrix" : 
		[
			918.85295341528945,
			0.0,
			0.0,
			0.0,
			918.85295341528945,
			0.0,
			959.5,
			530.0,
			1.0
		],
		"width" : 1920
	},
	"version_major" : 1,
	"version_minor" : 0
}