{
	"class_name" : "PinholeCameraParameters",
	"extrinsic" : 
	[
		-0.9870092947678345,
		0.02206733515952505,
		-0.15914045607845687,
		0.0,
		0.023552805771582183,
		-0.95994718263924583,
		-0.27918931190728047,
		0.0,
		-0.15892739657525443,
		-0.27931065010473877,
		0.94695704409222292,
		0.0,
		-0.10378273668721624,
		-0.17005101357022223,
		0.61840139526430959,
		1.0
	],
	"intrinsic" : 
	{
		"height" : 1061,
		"intrinsic_matrix" : 
		[
			918.85295341528945,
			0.0,
			0.0,
			0.0,
			918.85295341528945,
			0.0,
			959.5,
			530.0,
			1.0
		],
		"width" : 1920
	},
	"version_major" : 1,
	"version_minor" : 0
}